Workbook

Sheet nrmp_base
A1: NRMP_BASE
A3: n_programs | B3: n_positions | C3: n_applicants | D3: interviews_per_spot | E3: max_applications | F3: applicants_per_position | G3: minimum_unmatched | H3: spots_per_program | I3: simulated_positions | J3: simulations_per_s | K3: study_min_signal | L3: study_max_signal | M3: result_file_prefix | N3: best_signal_rpp | O3: reviews_per_program_best_rpp | P3: unmatched_applicants_best_rpp | Q3: unfilled_spots_best_rpp | R3: pct_interview_given_signal_best_rpp | S3: pct_interview_given_nosignal_best_rpp | T3: pct_interview_given_application_best_rpp | U3: pct_of_app_match_via_signal_given_matched_best_rpp | V3: best_signal_ua | W3: reviews_per_program_best_ua | X3: unmatched_applicants_best_ua | Y3: unfilled_spots_best_ua | Z3: pct_interview_given_signal_best_ua | AA3: pct_interview_given_nosignal_best_ua | AB3: pct_interview_given_application_best_ua | AC3: pct_of_app_match_via_signal_given_matched_best_ua | AD3: best_signal_ufs | AE3: reviews_per_program_best_ufs | AF3: unmatched_applicants_best_ufs | AG3: unfilled_spots_best_ufs | AH3: pct_interview_given_signal_best_ufs | AI3: pct_interview_given_nosignal_best_ufs | AJ3: pct_interview_given_application_best_ufs | AK3: pct_of_app_match_via_signal_given_matched_best_ufs | AL3: best_signal_pigs | AM3: reviews_per_program_best_pigs | AN3: unmatched_applicants_best_pigs | AO3: unfilled_spots_best_pigs | AP3: pct_interview_given_signal_best_pigs | AQ3: pct_interview_given_nosignal_best_pigs | AR3: pct_interview_given_application_best_pigs | AS3: pct_of_app_match_via_signal_given_matched_best_pigs | AT3: best_signal_pigns | AU3: reviews_per_program_best_pigns | AV3: unmatched_applicants_best_pigns | AW3: unfilled_spots_best_pigns | AX3: pct_interview_given_signal_best_pigns | AY3: pct_interview_given_nosignal_best_pigns | AZ3: pct_interview_given_application_best_pigns | BA3: pct_of_app_match_via_signal_given_matched_best_pigns | BB3: best_signal_piga | BC3: reviews_per_program_best_piga | BD3: unmatched_applicants_best_piga | BE3: unfilled_spots_best_piga | BF3: pct_interview_given_signal_best_piga | BG3: pct_interview_given_nosignal_best_piga | BH3: pct_interview_given_application_best_piga | BI3: pct_of_app_match_via_signal_given_matched_best_piga | BJ3: best_signal_pamgs | BK3: reviews_per_program_best_pamgs | BL3: unmatched_applicants_best_pamgs | BM3: unfilled_spots_best_pamgs | BN3: pct_interview_given_signal_best_pamgs | BO3: pct_interview_given_nosignal_best_pamgs | BP3: pct_interview_given_application_best_pamgs | BQ3: pct_of_app_match_via_signal_given_matched_best_pamgs
A4: 189 | B4: 1805 | C4: 3017 | D4: 12 | E4: 40 | F4: 1.7736626 | G4: 1316 | H4: 9 | I4: 1701 | J4: 50 | K4: 0 | L4: 40 | M4: Anesthesiology | N4: 8 | O4: 143.81037 | P4: 1316 | Q4: 0 | R4: 0.84469009 | S4: 0.00025439178 | T4: 0.16914153 | U4: 1 | V4: 3 | W4: 638.51852 | X4: 1316 | Y4: 0 | Z4: 1 | AA4: 0.10177463 | AB4: 0.16914153 | AC4: 1 | AD4: 3 | AE4: 638.51852 | AF4: 1316 | AG4: 0 | AH4: 1 | AI4: 0.10177463 | AJ4: 0.16914153 | AK4: 1 | AL4: 1 | AM4: 638.51852 | AN4: 1318.12 | AO4: 2.12 | AP4: 1 | AQ4: 0.14783747 | AR4: 0.16914153 | AS4: 0.99684487 | AT4: 0 | AU4: 638.51852 | AV4: 1634.18 | AW4: 318.18 | AX4: 0 | AY4: 0.16914153 | AZ4: 0.16914153 | BA4: 0 | BB4: 0 | BC4: 638.51852 | BD4: 1634.18 | BE4: 318.18 | BF4: 0 | BG4: 0.16914153 | BH4: 0.16914153 | BI4: 0 | BJ4: 3 | BK4: 638.51852 | BL4: 1316 | BM4: 0 | BN4: 1 | BO4: 0.10177463 | BP4: 0.16914153 | BQ4: 1
A5: 78 | B5: 195 | C5: 286 | D5: 12 | E5: 40 | F5: 1.8333333 | G5: 130 | H5: 2 | I5: 156 | J5: 50 | K5: 0 | L5: 40 | M5: Child Neurology | N5: 9 | O5: 36.27641 | P5: 130 | Q5: 0 | R5: 0.72560218 | S5: 0.00048499887 | T5: 0.16363636 | U5: 1 | V5: 4 | W5: 145.22769 | X5: 130 | Y5: 0 | Z5: 0.99924825 | AA5: 0.070790598 | AB5: 0.16363636 | AC5: 1 | AD5: 4 | AE5: 145.22769 | AF5: 130 | AG5: 0 | AH5: 0.99924825 | AI5: 0.070790598 | AJ5: 0.16363636 | AK5: 1 | AL5: 1 | AM5: 146.66667 | AN5: 132.22 | AO5: 2.22 | AP5: 1 | AQ5: 0.14219114 | AR5: 0.16363636 | AS5: 0.94387483 | AT5: 0 | AU5: 146.66667 | AV5: 184.26 | AW5: 54.26 | AX5: 0 | AY5: 0.16363636 | AZ5: 0.16363636 | BA5: 0 | BB5: 0 | BC5: 146.66667 | BD5: 184.26 | BE5: 54.26 | BF5: 0 | BG5: 0.16363636 | BH5: 0.16363636 | BI5: 0 | BJ5: 4 | BK5: 145.22769 | BL5: 130 | BM5: 0 | BN5: 0.99924825 | BO5: 0.070790598 | BP5: 0.16363636 | BQ5: 1
A6: 14 | B6: 30 | C6: 299 | D6: 12 | E6: 14 | F6: 10.678571 | G6: 271 | H6: 2 | I6: 28 | J6: 50 | K6: 0 | L6: 11 | M6: Dermatology | N6: 2 | O6: 42.714286 | P6: 271 | Q6: 0 | R6: 0.56187291 | S6: 0 | T6: 0.080267559 | U6: 1 | V6: 1 | W6: 209.96 | X6: 271 | Y6: 0 | Z6: 0.95672241 | AA6: 0.012847955 | AB6: 0.080267559 | AC6: 1 | AD6: 1 | AE6: 209.96 | AF6: 271 | AG6: 0 | AH6: 0.95672241 | AI6: 0.012847955 | AJ6: 0.080267559 | AK6: 1 | AL6: 1 | AM6: 209.96 | AN6: 271 | AO6: 0 | AP6: 0.95672241 | AQ6: 0.012847955 | AR6: 0.080267559 | AS6: 1 | AT6: 0 | AU6: 299 | AV6: 275 | AW6: 4 | AX6: 0 | AY6: 0.080267559 | AZ6: 0.080267559 | BA6: 0 | BB6: 0 | BC6: 299 | BD6: 275 | BE6: 4 | BF6: 0 | BG6: 0.080267559 | BH6: 0.080267559 | BI6: 0 | BJ6: 1 | BK6: 209.96 | BL6: 271 | BM6: 0 | BN6: 0.95672241 | BO6: 0.012847955 | BP6: 0.080267559 | BQ6: 1
A7: 292 | B7: 3068 | C7: 3753 | D7: 12 | E7: 40 | F7: 1.285274 | G7: 833 | H7: 10 | I7: 2920 | J7: 50 | K7: 0 | L7: 40 | M7: Emergency Medicine | N7: 11 | O7: 150.07096 | P7: 833 | Q7: 0 | R7: 0.84797277 | S7: 0.00030449204 | T7: 0.23341327 | U7: 1 | V7: 4 | W7: 514.10959 | X7: 833 | Y7: 0 | Z7: 1 | AA7: 0.14823697 | AB7: 0.23341327 | AC7: 1 | AD7: 4 | AE7: 514.10959 | AF7: 833 | AG7: 0 | AH7: 1 | AI7: 0.14823697 | AJ7: 0.23341327 | AK7: 1 | AL7: 1 | AM7: 514.10959 | AN7: 860.56 | AO7: 27.56 | AP7: 1 | AQ7: 0.2137572 | AR7: 0.23341327 | AS7: 0.97135943 | AT7: 0 | AU7: 514.10959 | AV7: 1376.2 | AW7: 543.2 | AX7: 0 | AY7: 0.23341327 | AZ7: 0.23341327 | BA7: 0 | BB7: 0 | BC7: 514.10959 | BD7: 1376.2 | BE7: 543.2 | BF7: 0 | BG7: 0.23341327 | BH7: 0.23341327 | BI7: 0 | BJ7: 4 | BK7: 514.10959 | BL7: 833 | BM7: 0 | BN7: 1 | BO7: 0.14823697 | BP7: 0.23341327 | BQ7: 1
A8: 817 | B8: 5357 | C8: 7337 | D8: 12 | E8: 40 | F8: 1.496736 | G8: 2435 | H8: 6 | I8: 4902 | J8: 50 | K8: 0 | L8: 40 | M8: Family Medicine | N8: 10 | O8: 95.951628 | P8: 2435.04 | Q8: 0.04 | R8: 0.80083086 | S8: 0.00030457499 | T8: 0.20043615 | U8: 1 | V8: 5 | W8: 359.20115 | X8: 2435 | Y8: 0 | Z8: 1 | AA8: 0.086212738 | AB8: 0.20043615 | AC8: 1 | AD8: 5 | AE8: 359.20115 | AF8: 2435 | AG8: 0 | AH8: 1 | AI8: 0.086212738 | AJ8: 0.20043615 | AK8: 1 | AL8: 1 | AM8: 359.21665 | AN8: 2470.36 | AO8: 35.36 | AP8: 1 | AQ8: 0.17993451 | AR8: 0.20043615 | AS8: 0.97329954 | AT8: 0 | AU8: 359.21665 | AV8: 3337.76 | AW8: 902.76 | AX8: 0 | AY8: 0.20043615 | AZ8: 0.20043615 | BA8: 0 | BB8: 0 | BC8: 359.21665 | BD8: 3337.76 | BE8: 902.76 | BF8: 0 | BG8: 0.20043615 | BH8: 0.20043615 | BI8: 0 | BJ8: 4 | BK8: 359.20847 | BL8: 2435.02 | BM8: 0.02 | BN8: 0.99999796 | BO8: 0.11159594 | BP8: 0.20043615 | BQ8: 1
A9: 758 | B9: 10941 | C9: 17131 | D9: 12 | E9: 40 | F9: 1.6143046 | G9: 6519 | H9: 14 | I9: 10612 | J9: 50 | K9: 0 | L9: 40 | M9: Internal Medicine (Categorical) | N9: 9 | O9: 206.49391 | P9: 6519 | Q9: 0 | R9: 0.82585229 | S9: 2.8094701e-05 | T9: 0.18583854 | U9: 1 | V9: 3 | W9: 904.01055 | X9: 6519 | Y9: 0 | Z9: 1 | AA9: 0.11982545 | AB9: 0.18583854 | AC9: 0.99999435 | AD9: 3 | AE9: 904.01055 | AF9: 6519 | AG9: 0 | AH9: 1 | AI9: 0.11982545 | AJ9: 0.18583854 | AK9: 0.99999435 | AL9: 1 | AM9: 904.01055 | AN9: 6526.92 | AO9: 7.92 | AP9: 1 | AQ9: 0.1649626 | AR9: 0.18583854 | AS9: 0.99788757 | AT9: 0 | AU9: 904.01055 | AV9: 8496.5 | AW9: 1977.5 | AX9: 0 | AY9: 0.18583854 | AZ9: 0.18583854 | BA9: 0 | BB9: 0 | BC9: 904.01055 | BD9: 8496.5 | BE9: 1977.5 | BF9: 0 | BG9: 0.18583854 | BH9: 0.18583854 | BI9: 0 | BJ9: 4 | BK9: 904.01055 | BL9: 6519 | BM9: 0 | BN9: 1 | BO9: 0.095376154 | BP9: 0.18583854 | BQ9: 1
A10: 13 | B10: 34 | C10: 110 | D10: 12 | E10: 13 | F10: 4.2307692 | G10: 84 | H10: 2 | I10: 26 | J10: 50 | K10: 0 | L10: 10 | M10: Medicine-Emergency Med | N10: 4 | O10: 36.021538 | P10: 84 | Q10: 0 | R10: 0.70736364 | S10: 0.00076767677 | T10: 0.21818182 | U10: 1 | V10: 1 | W10: 110 | X10: 84 | Y10: 0 | Z10: 1 | AA10: 0.1530303 | AB10: 0.21818182 | AC10: 0.99923077 | AD10: 1 | AE10: 110 | AF10: 84 | AG10: 0 | AH10: 1 | AI10: 0.1530303 | AJ10: 0.21818182 | AK10: 0.99923077 | AL10: 1 | AM10: 110 | AN10: 84 | AO10: 0 | AP10: 1 | AQ10: 0.1530303 | AR10: 0.21818182 | AS10: 0.99923077 | AT10: 0 | AU10: 110 | AV10: 86 | AW10: 2 | AX10: 0 | AY10: 0.21818182 | AZ10: 0.21818182 | BA10: 0 | BB10: 0 | BC10: 110 | BD10: 86 | BE10: 2 | BF10: 0 | BG10: 0.21818182 | BH10: 0.21818182 | BI10: 0 | BJ10: 2 | BK10: 109.07846 | BL10: 84 | BM10: 0 | BN10: 0.99972727 | BO10: 0.076082645 | BP10: 0.21818182 | BQ10: 1
A11: 79 | B11: 398 | C11: 599 | D11: 12 | E11: 40 | F11: 1.5164557 | G11: 204 | H11: 5 | I11: 395 | J11: 50 | K11: 0 | L11: 40 | M11: Medicine-Pediatrics | N11: 10 | O11: 79.76 | P11: 204 | Q11: 0 | R11: 0.79069115 | S11: 0.00020923762 | T11: 0.19782972 | U11: 1 | V11: 4 | W11: 303.29114 | X11: 204 | Y11: 0 | Z11: 1 | AA11: 0.10869968 | AB11: 0.19782972 | AC11: 1 | AD11: 4 | AE11: 303.29114 | AF11: 204 | AG11: 0 | AH11: 1 | AI11: 0.10869968 | AJ11: 0.19782972 | AK11: 1 | AL11: 1 | AM11: 303.29114 | AN11: 208.74 | AO11: 4.74 | AP11: 1 | AQ11: 0.17726125 | AR11: 0.19782972 | AS11: 0.97463071 | AT11: 0 | AU11: 303.29114 | AV11: 339.18 | AW11: 135.18 | AX11: 0 | AY11: 0.19782972 | AZ11: 0.19782972 | BA11: 0 | BB11: 0 | BC11: 303.29114 | BD11: 339.18 | BE11: 135.18 | BF11: 0 | BG11: 0.19782972 | BH11: 0.19782972 | BI11: 0 | BJ11: 4 | BK11: 303.29114 | BL11: 204 | BM11: 0 | BN11: 1 | BO11: 0.10869968 | BP11: 0.19782972 | BQ11: 1
A12: 329 | B12: 1600 | C12: 5964 | D12: 12 | E12: 40 | F12: 4.5319149 | G12: 4648 | H12: 4 | I12: 1316 | J12: 50 | K12: 0 | L12: 40 | M12: Medicine-Preliminary (PGY-1 Only) | N12: 4 | O12: 72.985897 | P12: 4648 | Q12: 0 | R12: 0.66195087 | S12: 2.3287875e-06 | T12: 0.066197183 | U12: 1 | V12: 1 | W12: 725.10638 | X12: 4648 | Y12: 0 | Z12: 1 | AA12: 0.042253521 | AB12: 0.066197183 | AC12: 1 | AD12: 1 | AE12: 725.10638 | AF12: 4648 | AG12: 0 | AH12: 1 | AI12: 0.042253521 | AJ12: 0.066197183 | AK12: 1 | AL12: 1 | AM12: 725.10638 | AN12: 4648 | AO12: 0 | AP12: 1 | AQ12: 0.042253521 | AR12: 0.066197183 | AS12: 1 | AT12: 0 | AU12: 725.10638 | AV12: 4891.22 | AW12: 243.22 | AX12: 0 | AY12: 0.066197183 | AZ12: 0.066197183 | BA12: 0 | BB12: 0 | BC12: 725.10638 | BD12: 4891.22 | BE12: 243.22 | BF12: 0 | BG12: 0.066197183 | BH12: 0.066197183 | BI12: 0 | BJ12: 1 | BK12: 725.10638 | BL12: 4648 | BM12: 0 | BN12: 1 | BO12: 0.042253521 | BP12: 0.066197183 | BQ12: 1
A13: 91 | B13: 411 | C13: 2134 | D13: 12 | E13: 40 | F13: 5.8626374 | G13: 1770 | H13: 4 | I13: 364 | J13: 50 | K13: 0 | L13: 40 | M13: Medicine-Primary | N13: 3 | O13: 71.911648 | P13: 1770 | Q13: 0 | R13: 0.68222118 | S13: 5.3192837e-06 | T13: 0.051171509 | U13: 1 | V13: 1 | W13: 938.02198 | X13: 1770 | Y13: 0 | Z13: 1 | AA13: 0.026842573 | AB13: 0.051171509 | AC13: 1 | AD13: 1 | AE13: 938.02198 | AF13: 1770 | AG13: 0 | AH13: 1 | AI13: 0.026842573 | AJ13: 0.051171509 | AK13: 1 | AL13: 1 | AM13: 938.02198 | AN13: 1770 | AO13: 0 | AP13: 1 | AQ13: 0.026842573 | AR13: 0.051171509 | AS13: 1 | AT13: 0 | AU13: 938.02198 | AV13: 1882.02 | AW13: 112.02 | AX13: 0 | AY13: 0.051171509 | AZ13: 0.051171509 | BA13: 0 | BB13: 0 | BC13: 938.02198 | BD13: 1882.02 | BE13: 112.02 | BF13: 0 | BG13: 0.051171509 | BH13: 0.051171509 | BI13: 0 | BJ13: 1 | BK13: 938.02198 | BL13: 1770 | BM13: 0 | BN13: 1 | BO13: 0.026842573 | BP13: 0.051171509 | BQ13: 1
A14: 27 | B14: 52 | C14: 299 | D14: 12 | E14: 27 | F14: 11.074074 | G14: 272 | H14: 1 | I14: 27 | J14: 50 | K14: 0 | L14: 24 | M14: Interventional Radiology (Integrated) | N14: 2 | O14: 22.148148 | P14: 272 | Q14: 0 | R14: 0.54180602 | S14: 0 | T14: 0.040133779 | U14: 1 | V14: 1 | W14: 180.39185 | X14: 272 | Y14: 0 | Z14: 0.92153846 | AA14: 0.0062335992 | AB14: 0.040133779 | AC14: 1 | AD14: 1 | AE14: 180.39185 | AF14: 272 | AG14: 0 | AH14: 0.92153846 | AI14: 0.0062335992 | AJ14: 0.040133779 | AK14: 1 | AL14: 1 | AM14: 180.39185 | AN14: 272 | AO14: 0 | AP14: 0.92153846 | AQ14: 0.0062335992 | AR14: 0.040133779 | AS14: 1 | AT14: 0 | AU14: 299 | AV14: 287 | AW14: 15 | AX14: 0 | AY14: 0.040133779 | AZ14: 0.040133779 | BA14: 0 | BB14: 0 | BC14: 299 | BD14: 287 | BE14: 15 | BF14: 0 | BG14: 0.040133779 | BH14: 0.040133779 | BI14: 0 | BJ14: 1 | BK14: 180.39185 | BL14: 272 | BM14: 0 | BN14: 0.92153846 | BO14: 0.0062335992 | BP14: 0.040133779 | BQ14: 1
A15: 121 | B15: 268 | C15: 476 | D15: 12 | E15: 40 | F15: 1.9669421 | G15: 234 | H15: 2 | I15: 242 | J15: 50 | K15: 0 | L15: 40 | M15: Neurological Surgery | N15: 9 | O15: 36.762975 | P15: 234 | Q15: 0 | R15: 0.67722222 | S15: 0.00018839794 | T15: 0.15252101 | U15: 1 | V15: 4 | W15: 153.98198 | X15: 234 | Y15: 0 | Z15: 0.99811975 | AA15: 0.058565593 | AB15: 0.15252101 | AC15: 1 | AD15: 4 | AE15: 153.98198 | AF15: 234 | AG15: 0 | AH15: 0.99811975 | AI15: 0.058565593 | AJ15: 0.15252101 | AK15: 1 | AL15: 1 | AM15: 157.35537 | AN15: 236.02 | AO15: 2.02 | AP15: 1 | AQ15: 0.13079078 | AR15: 0.15252101 | AS15: 0.95075907 | AT15: 0 | AU15: 157.35537 | AV15: 280.46 | AW15: 46.46 | AX15: 0 | AY15: 0.15252101 | AZ15: 0.15252101 | BA15: 0 | BB15: 0 | BC15: 157.35537 | BD15: 280.46 | BE15: 46.46 | BF15: 0 | BG15: 0.15252101 | BH15: 0.15252101 | BI15: 0 | BJ15: 4 | BK15: 153.98198 | BL15: 234 | BM15: 0 | BN15: 0.99811975 | BO15: 0.058565593 | BP15: 0.15252101 | BQ15: 1
... A31: 77 | B31: 102 | C31: 172 | D31: 12 | E31: 40 | F31: 2.2337662 | G31: 95 | H31: 1 | I31: 77 | J31: 50 | K31: 0 | L31: 40 | M31: Vascular Surgery | N31: 8 | O31: 20.744156 | P31: 95 | Q31: 0 | R31: 0.66758721 | S31: 0.00098110465 | T31: 0.13430233 | U31: 1 | V31: 4 | W31: 74.897922 | X31: 95 | Y31: 0 | Z31: 0.97232558 | AA31: 0.04118863 | AB31: 0.13430233 | AC31: 1 | AD31: 4 | AE31: 74.897922 | AF31: 95 | AG31: 0 | AH31: 0.97232558 | AI31: 0.04118863 | AJ31: 0.13430233 | AK31: 1 | AL31: 1 | AM31: 89.350649 | AN31: 96.3 | AO31: 1.3 | AP31: 1 | AQ31: 0.11210495 | AR31: 0.13430233 | AS31: 0.91531721 | AT31: 0 | AU31: 89.350649 | AV31: 121.36 | AW31: 26.36 | AX31: 0 | AY31: 0.13430233 | AZ31: 0.13430233 | BA31: 0 | BB31: 0 | BC31: 89.350649 | BD31: 121.36 | BE31: 26.36 | BF31: 0 | BG31: 0.13430233 | BH31: 0.13430233 | BI31: 0 | BJ31: 4 | BK31: 74.897922 | BL31: 95 | BM31: 0 | BN31: 0.97232558 | BO31: 0.04118863 | BP31: 0.13430233 | BQ31: 1
A33: NRMP_GAMMA

Sheet nrmp_base_table
A1: result_file_prefix | B1: simulated_positions | C1: unfilled_spots_best_rpp | D1: best_signal_rpp | E1: reviews_per_program_best_rpp | F1: pct_interview_given_signal_best_rpp | G1: pct_of_app_match_via_signal_given_matched_best_rpp
A2: {=INDEX(nrmp_base!$A$4:$BQ$31, ROWS($A$1:A1), MATCH(A$1, nrmp_base!$A$3:$BQ$3, 0))} -> Anesthesiology | B2: {=INDEX(nrmp_base!$A$4:$BQ$31, ROWS($A$1:B1), MATCH(B$1, nrmp_base!$A$3:$BQ$3, 0))} -> 1701 | C2: {=INDEX(nrmp_base!$A$4:$BQ$31, ROWS($A$1:C1), MATCH(C$1, nrmp_base!$A$3:$BQ$3, 0))} -> 0 | D2: {=INDEX(nrmp_base!$A$4:$BQ$31, ROWS($A$1:D1), MATCH(D$1, nrmp_base!$A$3:$BQ$3, 0))} -> 8 | E2: {=INDEX(nrmp_base!$A$4:$BQ$31, ROWS($A$1:E1), MATCH(E$1, nrmp_base!$A$3:$BQ$3, 0))} -> 143.81037 | F2: {=INDEX(nrmp_base!$A$4:$BQ$31, ROWS($A$1:F1), MATCH(F$1, nrmp_base!$A$3:$BQ$3, 0))} -> 0.84469009 | G2: {=INDEX(nrmp_base!$A$4:$BQ$31, ROWS($A$1:G1), MATCH(G$1, nrmp_base!$A$3:$BQ$3, 0))} -> 1
A3: {=INDEX(nrmp_base!$A$4:$BQ$31, ROWS($A$1:A2), MATCH(A$1, nrmp_base!$A$3:$BQ$3, 0))} -> Child Neurology | B3: {=INDEX(nrmp_base!$A$4:$BQ$31, ROWS($A$1:B2), MATCH(B$1, nrmp_base!$A$3:$BQ$3, 0))} -> 156 | C3: {=INDEX(nrmp_base!$A$4:$BQ$31, ROWS($A$1:C2), MATCH(C$1, nrmp_base!$A$3:$BQ$3, 0))} -> 0 | D3: {=INDEX(nrmp_base!$A$4:$BQ$31, ROWS($A$1:D2), MATCH(D$1, nrmp_base!$A$3:$BQ$3, 0))} -> 9 | E3: {=INDEX(nrmp_base!$A$4:$BQ$31, ROWS($A$1:E2), MATCH(E$1, nrmp_base!$A$3:$BQ$3, 0))} -> 36.27641 | F3: {=INDEX(nrmp_base!$A$4:$BQ$31, ROWS($A$1:F2), MATCH(F$1, nrmp_base!$A$3:$BQ$3, 0))} -> 0.72560218 | G3: {=INDEX(nrmp_base!$A$4:$BQ$31, ROWS($A$1:G2), MATCH(G$1, nrmp_base!$A$3:$BQ$3, 0))} -> 1
A4: {=INDEX(nrmp_base!$A$4:$BQ$31, ROWS($A$1:A3), MATCH(A$1, nrmp_base!$A$3:$BQ$3, 0))} -> Dermatology | B4: {=INDEX(nrmp_base!$A$4:$BQ$31, ROWS($A$1:B3), MATCH(B$1, nrmp_base!$A$3:$BQ$3, 0))} -> 28 | C4: {=INDEX(nrmp_base!$A$4:$BQ$31, ROWS($A$1:C3), MATCH(C$1, nrmp_base!$A$3:$BQ$3, 0))} -> 0 | D4: {=INDEX(nrmp_base!$A$4:$BQ$31, ROWS($A$1:D3), MATCH(D$1, nrmp_base!$A$3:$BQ$3, 0))} -> 2 | E4: {=INDEX(nrmp_base!$A$4:$BQ$31, ROWS($A$1:E3), MATCH(E$1, nrmp_base!$A$3:$BQ$3, 0))} -> 42.714286 | F4: {=INDEX(nrmp_base!$A$4:$BQ$31, ROWS($A$1:F3), MATCH(F$1, nrmp_base!$A$3:$BQ$3, 0))} -> 0.56187291 | G4: {=INDEX(nrmp_base!$A$4:$BQ$31, ROWS($A$1:G3), MATCH(G$1, nrmp_base!$A$3:$BQ$3, 0))} -> 1
A5: {=INDEX(nrmp_base!$A$4:$BQ$31, ROWS($A$1:A4), MATCH(A$1, nrmp_base!$A$3:$BQ$3, 0))} -> Emergency Medicine | B5: {=INDEX(nrmp_base!$A$4:$BQ$31, ROWS($A$1:B4), MATCH(B$1, nrmp_base!$A$3:$BQ$3, 0))} -> 2920 | C5: {=INDEX(nrmp_base!$A$4:$BQ$31, ROWS($A$1:C4), MATCH(C$1, nrmp_base!$A$3:$BQ$3, 0))} -> 0 | D5: {=INDEX(nrmp_base!$A$4:$BQ$31, ROWS($A$1:D4), MATCH(D$1, nrmp_base!$A$3:$BQ$3, 0))} -> 11 | E5: {=INDEX(nrmp_base!$A$4:$BQ$31, ROWS($A$1:E4), MATCH(E$1, nrmp_base!$A$3:$BQ$3, 0))} -> 150.07096 | F5: {=INDEX(nrmp_base!$A$4:$BQ$31, ROWS($A$1:F4), MATCH(F$1, nrmp_base!$A$3:$BQ$3, 0))} -> 0.84797277 | G5: {=INDEX(nrmp_base!$A$4:$BQ$31, ROWS($A$1:G4), MATCH(G$1, nrmp_base!$A$3:$BQ$3, 0))} -> 1
A6: {=INDEX(nrmp_base!$A$4:$BQ$31, ROWS($A$1:A5), MATCH(A$1, nrmp_base!$A$3:$BQ$3, 0))} -> Family Medicine | B6: {=INDEX(nrmp_base!$A$4:$BQ$31, ROWS($A$1:B5), MATCH(B$1, nrmp_base!$A$3:$BQ$3, 0))} -> 4902 | C6: {=INDEX(nrmp_base!$A$4:$BQ$31, ROWS($A$1:C5), MATCH(C$1, nrmp_base!$A$3:$BQ$3, 0))} -> 0.04 | D6: {=INDEX(nrmp_base!$A$4:$BQ$31, ROWS($A$1:D5), MATCH(D$1, nrmp_base!$A$3:$BQ$3, 0))} -> 10 | E6: {=INDEX(nrmp_base!$A$4:$BQ$31, ROWS($A$1:E5), MATCH(E$1, nrmp_base!$A$3:$BQ$3, 0))} -> 95.951628 | F6: {=INDEX(nrmp_base!$A$4:$BQ$31, ROWS($A$1:F5), MATCH(F$1, nrmp_base!$A$3:$BQ$3, 0))} -> 0.80083086 | G6: {=INDEX(nrmp_base!$A$4:$BQ$31, ROWS($A$1:G5), MATCH(G$1, nrmp_base!$A$3:$BQ$3, 0))} -> 1
A7: {=INDEX(nrmp_base!$A$4:$BQ$31, ROWS($A$1:A6), MATCH(A$1, nrmp_base!$A$3:$BQ$3, 0))} -> Internal Medicine (Categorical) | B7: {=INDEX(nrmp_base!$A$4:$BQ$31, ROWS($A$1:B6), MATCH(B$1, nrmp_base!$A$3:$BQ$3, 0))} -> 10612 | C7: {=INDEX(nrmp_base!$A$4:$BQ$31, ROWS($A$1:C6), MATCH(C$1, nrmp_base!$A$3:$BQ$3, 0))} -> 0 | D7: {=INDEX(nrmp_base!$A$4:$BQ$31, ROWS($A$1:D6), MATCH(D$1, nrmp_base!$A$3:$BQ$3, 0))} -> 9 | E7: {=INDEX(nrmp_base!$A$4:$BQ$31, ROWS($A$1:E6), MATCH(E$1, nrmp_base!$A$3:$BQ$3, 0))} -> 206.49391 | F7: {=INDEX(nrmp_base!$A$4:$BQ$31, ROWS($A$1:F6), MATCH(F$1, nrmp_base!$A$3:$BQ$3, 0))} -> 0.82585229 | G7: {=INDEX(nrmp_base!$A$4:$BQ$31, ROWS($A$1:G6), MATCH(G$1, nrmp_base!$A$3:$BQ$3, 0))} -> 1
A8: {=INDEX(nrmp_base!$A$4:$BQ$31, ROWS($A$1:A7), MATCH(A$1, nrmp_base!$A$3:$BQ$3, 0))} -> Medicine-Emergency Med | B8: {=INDEX(nrmp_base!$A$4:$BQ$31, ROWS($A$1:B7), MATCH(B$1, nrmp_base!$A$3:$BQ$3, 0))} -> 26 | C8: {=INDEX(nrmp_base!$A$4:$BQ$31, ROWS($A$1:C7), MATCH(C$1, nrmp_base!$A$3:$BQ$3, 0))} -> 0 | D8: {=INDEX(nrmp_base!$A$4:$BQ$31, ROWS($A$1:D7), MATCH(D$1, nrmp_base!$A$3:$BQ$3, 0))} -> 4 | E8: {=INDEX(nrmp_base!$A$4:$BQ$31, ROWS($A$1:E7), MATCH(E$1, nrmp_base!$A$3:$BQ$3, 0))} -> 36.021538 | F8: {=INDEX(nrmp_base!$A$4:$BQ$31, ROWS($A$1:F7), MATCH(F$1, nrmp_base!$A$3:$BQ$3, 0))} -> 0.70736364 | G8: {=INDEX(nrmp_base!$A$4:$BQ$31, ROWS($A$1:G7), MATCH(G$1, nrmp_base!$A$3:$BQ$3, 0))} -> 1
A9: {=INDEX(nrmp_base!$A$4:$BQ$31, ROWS($A$1:A8), MATCH(A$1, nrmp_base!$A$3:$BQ$3, 0))} -> Medicine-Pediatrics | B9: {=INDEX(nrmp_base!$A$4:$BQ$31, ROWS($A$1:B8), MATCH(B$1, nrmp_base!$A$3:$BQ$3, 0))} -> 395 | C9: {=INDEX(nrmp_base!$A$4:$BQ$31, ROWS($A$1:C8), MATCH(C$1, nrmp_base!$A$3:$BQ$3, 0))} -> 0 | D9: {=INDEX(nrmp_base!$A$4:$BQ$31, ROWS($A$1:D8), MATCH(D$1, nrmp_base!$A$3:$BQ$3, 0))} -> 10 | E9: {=INDEX(nrmp_base!$A$4:$BQ$31, ROWS($A$1:E8), MATCH(E$1, nrmp_base!$A$3:$BQ$3, 0))} -> 79.76 | F9: {=INDEX(nrmp_base!$A$4:$BQ$31, ROWS($A$1:F8), MATCH(F$1, nrmp_base!$A$3:$BQ$3, 0))} -> 0.79069115 | G9: {=INDEX(nrmp_base!$A$4:$BQ$31, ROWS($A$1:G8), MATCH(G$1, nrmp_base!$A$3:$BQ$3, 0))} -> 1
A10: {=INDEX(nrmp_base!$A$4:$BQ$31, ROWS($A$1:A9), MATCH(A$1, nrmp_base!$A$3:$BQ$3, 0))} -> Medicine-Preliminary (PGY-1 Only) | B10: {=INDEX(nrmp_base!$A$4:$BQ$31, ROWS($A$1:B9), MATCH(B$1, nrmp_base!$A$3:$BQ$3, 0))} -> 1316 | C10: {=INDEX(nrmp_base!$A$4:$BQ$31, ROWS($A$1:C9), MATCH(C$1, nrmp_base!$A$3:$BQ$3, 0))} -> 0 | D10: {=INDEX(nrmp_base!$A$4:$BQ$31, ROWS($A$1:D9), MATCH(D$1, nrmp_base!$A$3:$BQ$3, 0))} -> 4 | E10: {=INDEX(nrmp_base!$A$4:$BQ$31, ROWS($A$1:E9), MATCH(E$1, nrmp_base!$A$3:$BQ$3, 0))} -> 72.985897 | F10: {=INDEX(nrmp_base!$A$4:$BQ$31, ROWS($A$1:F9), MATCH(F$1, nrmp_base!$A$3:$BQ$3, 0))} -> 0.66195087 | G10: {=INDEX(nrmp_base!$A$4:$BQ$31, ROWS($A$1:G9), MATCH(G$1, nrmp_base!$A$3:$BQ$3, 0))} -> 1
A11: {=INDEX(nrmp_base!$A$4:$BQ$31, ROWS($A$1:A10), MATCH(A$1, nrmp_base!$A$3:$BQ$3, 0))} -> Medicine-Primary | B11: {=INDEX(nrmp_base!$A$4:$BQ$31, ROWS($A$1:B10), MATCH(B$1, nrmp_base!$A$3:$BQ$3, 0))} -> 364 | C11: {=INDEX(nrmp_base!$A$4:$BQ$31, ROWS($A$1:C10), MATCH(C$1, nrmp_base!$A$3:$BQ$3, 0))} -> 0 | D11: {=INDEX(nrmp_base!$A$4:$BQ$31, ROWS($A$1:D10), MATCH(D$1, nrmp_base!$A$3:$BQ$3, 0))} -> 3 | E11: {=INDEX(nrmp_base!$A$4:$BQ$31, ROWS($A$1:E10), MATCH(E$1, nrmp_base!$A$3:$BQ$3, 0))} -> 71.911648 | F11: {=INDEX(nrmp_base!$A$4:$BQ$31, ROWS($A$1:F10), MATCH(F$1, nrmp_base!$A$3:$BQ$3, 0))} -> 0.68222118 | G11: {=INDEX(nrmp_base!$A$4:$BQ$31, ROWS($A$1:G10), MATCH(G$1, nrmp_base!$A$3:$BQ$3, 0))} -> 1
A12: {=INDEX(nrmp_base!$A$4:$BQ$31, ROWS($A$1:A11), MATCH(A$1, nrmp_base!$A$3:$BQ$3, 0))} -> Interventional Radiology (Integrated) | B12: {=INDEX(nrmp_base!$A$4:$BQ$31, ROWS($A$1:B11), MATCH(B$1, nrmp_base!$A$3:$BQ$3, 0))} -> 27 | C12: {=INDEX(nrmp_base!$A$4:$BQ$31, ROWS($A$1:C11), MATCH(C$1, nrmp_base!$A$3:$BQ$3, 0))} -> 0 | D12: {=INDEX(nrmp_base!$A$4:$BQ$31, ROWS($A$1:D11), MATCH(D$1, nrmp_base!$A$3:$BQ$3, 0))} -> 2 | E12: {=INDEX(nrmp_base!$A$4:$BQ$31, ROWS($A$1:E11), MATCH(E$1, nrmp_base!$A$3:$BQ$3, 0))} -> 22.148148 | F12: {=INDEX(nrmp_base!$A$4:$BQ$31, ROWS($A$1:F11), MATCH(F$1, nrmp_base!$A$3:$BQ$3, 0))} -> 0.54180602 | G12: {=INDEX(nrmp_base!$A$4:$BQ$31, ROWS($A$1:G11), MATCH(G$1, nrmp_base!$A$3:$BQ$3, 0))} -> 1
A13: {=INDEX(nrmp_base!$A$4:$BQ$31, ROWS($A$1:A12), MATCH(A$1, nrmp_base!$A$3:$BQ$3, 0))} -> Neurological Surgery | B13: {=INDEX(nrmp_base!$A$4:$BQ$31, ROWS($A$1:B12), MATCH(B$1, nrmp_base!$A$3:$BQ$3, 0))} -> 242 | C13: {=INDEX(nrmp_base!$A$4:$BQ$31, ROWS($A$1:C12), MATCH(C$1, nrmp_base!$A$3:$BQ$3, 0))} -> 0 | D13: {=INDEX(nrmp_base!$A$4:$BQ$31, ROWS($A$1:D12), MATCH(D$1, nrmp_base!$A$3:$BQ$3, 0))} -> 9 | E13: {=INDEX(nrmp_base!$A$4:$BQ$31, ROWS($A$1:E12), MATCH(E$1, nrmp_base!$A$3:$BQ$3, 0))} -> 36.762975 | F13: {=INDEX(nrmp_base!$A$4:$BQ$31, ROWS($A$1:F12), MATCH(F$1, nrmp_base!$A$3:$BQ$3, 0))} -> 0.67722222 | G13: {=INDEX(nrmp_base!$A$4:$BQ$31, ROWS($A$1:G12), MATCH(G$1, nrmp_base!$A$3:$BQ$3, 0))} -> 1
... A29: {=INDEX(nrmp_base!$A$4:$BQ$31, ROWS($A$1:A28), MATCH(A$1, nrmp_base!$A$3:$BQ$3, 0))} -> Vascular Surgery | B29: {=INDEX(nrmp_base!$A$4:$BQ$31, ROWS($A$1:B28), MATCH(B$1, nrmp_base!$A$3:$BQ$3, 0))} -> 77 | C29: {=INDEX(nrmp_base!$A$4:$BQ$31, ROWS($A$1:C28), MATCH(C$1, nrmp_base!$A$3:$BQ$3, 0))} -> 0 | D29: {=INDEX(nrmp_base!$A$4:$BQ$31, ROWS($A$1:D28), MATCH(D$1, nrmp_base!$A$3:$BQ$3, 0))} -> 8 | E29: {=INDEX(nrmp_base!$A$4:$BQ$31, ROWS($A$1:E28), MATCH(E$1, nrmp_base!$A$3:$BQ$3, 0))} -> 20.744156 | F29: {=INDEX(nrmp_base!$A$4:$BQ$31, ROWS($A$1:F28), MATCH(F$1, nrmp_base!$A$3:$BQ$3, 0))} -> 0.66758721 | G29: {=INDEX(nrmp_base!$A$4:$BQ$31, ROWS($A$1:G28), MATCH(G$1, nrmp_base!$A$3:$BQ$3, 0))} -> 1

Sheet sensitivity_analysis_table
A1: NRMP Alone | B1: Randomized Maximum Applications (Gamma) | C1: Randomized Applications (not quartile) | D1: Randomized Maximum Applications and Distribution (not quartile)
